Sabynraeurra,Orlyrretval
Trielae'kiira,Aleval'ett
Maloyss,Hlatyl
Shurinidia,Desptyl
Inlayra,Hlaarth
Sbatafae,Auvryth
Filfryne'dia,Melarn'ep
Pellanvrae,Orlyarn
Ethearrashalee,Oussepate
Shururraonia,Maeghymate
Pellanisstraiara,Oussduisath
Greyurra,Aleund
Thrae'eclavkacha,Ana'arkenneld
Onia'halssysn,Arn'rilynep
Etheyl'ice,Orlyndar'zynge
Mayvraefryn,Arkenanisek
Wyss'iymtana,Ep'melval
Gaussva,Hlarret
Siniara,Ousstlar
Janmiceinil,Arabvalt'tar
Erelarraryna,Teken'viirrahel
Ynrae'luavyrae,Urden'everhneld
Nhilquarra,Arabzynge
Luaquiri'vyll,Hlatlar'viir
Driira'dhaunidil,Neld'eilstlar
Iimva,Orlyervs
Ice'drisxena,Ana'arabafin
E'iymzyne,Neld'baenervs
Intana,Alear
Phyruque'nitra,Torani'neld
Ethevyll,Helviar
Zardia'iira,Do'neld'tyl
Thara'lineernitra,Tyl'aleate
Alaunylae,Despghymneld
Waereyl'mice,Aleanviir'ervs
Olorra,Auvrysek
Mayueual,Baent'tarett
Luaaste,Everhndar
Vicnilee,Zauana
Uque'myrstra,Ana'teken'ana
Illiammur'ss,Teken'arn
Qualyn'aunfryn,Ndar'do'rret
Wuyoniira,Rilynani
Nilee'talabafay,Ndar'rilynervs
Talssysn,Eilsth
Zilviarawyss,Godearana
Ra'burquiri,Ar'teken'sek
Na'shriqualyn,Ani'eilsath
Greyssysn,Frezynge
Dilarra'dia,Godeep'rret
Invyll,Freurden
Houne,Aleanurden
Zardra,Melath
Iraeynda,Goderae
Haltanaual,Aleanathzynge
Luana'kacha,Eilstyl'iryn
Pellaneyl,Torzynge
Talriia,Kenndar
Riltyrrlin,Noqulylrae
Xena'minriia,Ep'helviani
Waerzyne'riina,Maetyl'zynge
Vicwaeryna,Everhundarn
Greyshaleecice,Kenurdenate
Qilymma,Godeth
Sbatdia,Deett
Ballay,Teken'afin
Xunidil'bryn,Godeett'tlar
Ace'ethea,Ep'baensek
Arra'zescice,Tyl'barrindar
